id,source,target,Weight,group
0,METTL17,NUS1,0.9608898994511744,1
1,NUS1,METTL17,0.9608898994511744,1
